-- phpMyAdmin SQL Dump
-- version 4.8.0.1
-- https://www.phpmyadmin.net/
--
-- Host: 127.0.0.1
-- Waktu pembuatan: 27 Bulan Mei 2024 pada 09.13
-- Versi server: 10.1.32-MariaDB
-- Versi PHP: 7.2.5

SET SQL_MODE = "NO_AUTO_VALUE_ON_ZERO";
SET AUTOCOMMIT = 0;
START TRANSACTION;
SET time_zone = "+00:00";


/*!40101 SET @OLD_CHARACTER_SET_CLIENT=@@CHARACTER_SET_CLIENT */;
/*!40101 SET @OLD_CHARACTER_SET_RESULTS=@@CHARACTER_SET_RESULTS */;
/*!40101 SET @OLD_COLLATION_CONNECTION=@@COLLATION_CONNECTION */;
/*!40101 SET NAMES utf8mb4 */;

--
-- Database: `gudang`
--

-- --------------------------------------------------------

--
-- Struktur dari tabel `barang`
--

CREATE TABLE `barang` (
  `id_barang` int(11) NOT NULL,
  `nama_barang` varchar(255) DEFAULT NULL,
  `stock` int(11) DEFAULT NULL
) ENGINE=InnoDB DEFAULT CHARSET=latin1;

--
-- Dumping data untuk tabel `barang`
--

INSERT INTO `barang` (`id_barang`, `nama_barang`, `stock`) VALUES
(1, 'kipas angin ', -2000),
(2, 'karpet bulu domba', 100),
(3, 'oli', 11),
(4, 'pohon', 24);

-- --------------------------------------------------------

--
-- Struktur dari tabel `barang_keluar`
--

CREATE TABLE `barang_keluar` (
  `id_keluar` int(11) NOT NULL,
  `id_barang` int(11) DEFAULT NULL,
  `jumlah_keluar` int(11) DEFAULT NULL,
  `tanggal_keluar` date DEFAULT NULL
) ENGINE=InnoDB DEFAULT CHARSET=latin1;

--
-- Dumping data untuk tabel `barang_keluar`
--

INSERT INTO `barang_keluar` (`id_keluar`, `id_barang`, `jumlah_keluar`, `tanggal_keluar`) VALUES
(1, 1, 10, '2024-05-28'),
(2, 1, 1000, '2024-05-28'),
(3, 1, 1000, '2024-05-28'),
(4, 2, 1000, '2024-05-13');

-- --------------------------------------------------------

--
-- Struktur dari tabel `barang_masuk`
--

CREATE TABLE `barang_masuk` (
  `id_masuk` int(11) NOT NULL,
  `id_barang` int(11) DEFAULT NULL,
  `jumlah_masuk` int(11) DEFAULT NULL,
  `tanggal_masuk` date DEFAULT NULL
) ENGINE=InnoDB DEFAULT CHARSET=latin1;

--
-- Dumping data untuk tabel `barang_masuk`
--

INSERT INTO `barang_masuk` (`id_masuk`, `id_barang`, `jumlah_masuk`, `tanggal_masuk`) VALUES
(1, 2, 1000, '2024-05-27'),
(2, 4, 2, '2024-05-27');

-- --------------------------------------------------------

--
-- Struktur dari tabel `role`
--

CREATE TABLE `role` (
  `id_role` int(4) NOT NULL,
  `nama` varchar(50) NOT NULL
) ENGINE=InnoDB DEFAULT CHARSET=latin1;

--
-- Dumping data untuk tabel `role`
--

INSERT INTO `role` (`id_role`, `nama`) VALUES
(1, 'admin'),
(2, 'petugas');

-- --------------------------------------------------------

--
-- Struktur dari tabel `user`
--

CREATE TABLE `user` (
  `id_user` int(11) NOT NULL,
  `nama` varchar(100) NOT NULL,
  `password` varchar(50) NOT NULL,
  `username` varchar(50) NOT NULL,
  `role_id` int(4) NOT NULL
) ENGINE=InnoDB DEFAULT CHARSET=latin1;

--
-- Dumping data untuk tabel `user`
--

INSERT INTO `user` (`id_user`, `nama`, `password`, `username`, `role_id`) VALUES
(22, 'cristoper', '123123', 'cristoper', 2),
(23, 'ilham', '111111', 'ilham', 1),
(26, 'cristoper', '123123', 'neko', 2),
(27, 'wafiq', '123', 'neko', 2);

--
-- Indexes for dumped tables
--

--
-- Indeks untuk tabel `barang`
--
ALTER TABLE `barang`
  ADD PRIMARY KEY (`id_barang`);

--
-- Indeks untuk tabel `barang_keluar`
--
ALTER TABLE `barang_keluar`
  ADD PRIMARY KEY (`id_keluar`),
  ADD KEY `id_barang` (`id_barang`);

--
-- Indeks untuk tabel `barang_masuk`
--
ALTER TABLE `barang_masuk`
  ADD PRIMARY KEY (`id_masuk`),
  ADD KEY `id_barang` (`id_barang`);

--
-- Indeks untuk tabel `role`
--
ALTER TABLE `role`
  ADD PRIMARY KEY (`id_role`);

--
-- Indeks untuk tabel `user`
--
ALTER TABLE `user`
  ADD PRIMARY KEY (`id_user`),
  ADD KEY `role_id` (`role_id`);

--
-- AUTO_INCREMENT untuk tabel yang dibuang
--

--
-- AUTO_INCREMENT untuk tabel `barang`
--
ALTER TABLE `barang`
  MODIFY `id_barang` int(11) NOT NULL AUTO_INCREMENT, AUTO_INCREMENT=5;

--
-- AUTO_INCREMENT untuk tabel `barang_keluar`
--
ALTER TABLE `barang_keluar`
  MODIFY `id_keluar` int(11) NOT NULL AUTO_INCREMENT, AUTO_INCREMENT=5;

--
-- AUTO_INCREMENT untuk tabel `barang_masuk`
--
ALTER TABLE `barang_masuk`
  MODIFY `id_masuk` int(11) NOT NULL AUTO_INCREMENT, AUTO_INCREMENT=3;

--
-- AUTO_INCREMENT untuk tabel `user`
--
ALTER TABLE `user`
  MODIFY `id_user` int(11) NOT NULL AUTO_INCREMENT, AUTO_INCREMENT=28;

--
-- Ketidakleluasaan untuk tabel pelimpahan (Dumped Tables)
--

--
-- Ketidakleluasaan untuk tabel `barang_keluar`
--
ALTER TABLE `barang_keluar`
  ADD CONSTRAINT `barang_keluar_ibfk_1` FOREIGN KEY (`id_barang`) REFERENCES `barang` (`id_barang`);

--
-- Ketidakleluasaan untuk tabel `barang_masuk`
--
ALTER TABLE `barang_masuk`
  ADD CONSTRAINT `barang_masuk_ibfk_1` FOREIGN KEY (`id_barang`) REFERENCES `barang` (`id_barang`);

--
-- Ketidakleluasaan untuk tabel `user`
--
ALTER TABLE `user`
  ADD CONSTRAINT `user_ibfk_1` FOREIGN KEY (`role_id`) REFERENCES `role` (`id_role`);
COMMIT;

/*!40101 SET CHARACTER_SET_CLIENT=@OLD_CHARACTER_SET_CLIENT */;
/*!40101 SET CHARACTER_SET_RESULTS=@OLD_CHARACTER_SET_RESULTS */;
/*!40101 SET COLLATION_CONNECTION=@OLD_COLLATION_CONNECTION */;
